time,test 1,test 2,test 3,test 4,test 5
seconds,deacceleration - g,deacceleration - g,deacceleration - g,deacceleration - g,deacceleration - g
-0.119,0.09068,0.10257,0.084072,0.10627,0.080969
-0.118,0.10441,0.10101,0.076581,0.10845,0.083466
-0.117,0.096922,0.07604,0.070963,0.10408,0.080969
-0.116,0.071953,0.07448,0.072836,0.088788,0.078473
-0.115,0.09068,0.083843,0.084072,0.069124,0.075975
-0.114,0.093177,0.10101,0.087818,0.06694,0.085963
-0.113,0.064462,0.093207,0.082199,0.075678,0.093454
-0.112,0.06571,0.07448,0.10093,0.082233,0.08846
-0.111,0.094425,0.071359,0.11029,0.082233,0.085963
-0.11,0.12189,0.086965,0.10654,0.073494,0.078473
-0.109,0.13188,0.10101,0.091563,0.071309,0.090957
-0.108,0.11066,0.11193,0.074709,0.086603,0.11842
-0.107,0.10566,0.12286,0.072836,0.1019,0.11842
-0.106,0.10316,0.12754,0.080327,0.10408,0.10344
-0.105,0.10816,0.11974,0.10093,0.099712,0.083466
-0.104,0.11565,0.10569,0.10842,0.095342,0.073478
-0.103,0.12938,0.10725,0.12153,0.10408,0.095951
-0.102,0.11939,0.10257,0.10654,0.11064,0.10844
-0.101,0.1119,0.10569,0.08969,0.11501,0.10344
-0.1,0.12439,0.10569,0.1028,0.097527,0.090957
-0.099,0.13812,0.096328,0.11591,0.093157,0.093454
-0.098,0.14686,0.094768,0.11778,0.11282,0.11343
-0.097,0.16684,0.10725,0.10842,0.14559,0.11842
-0.096,0.16059,0.11506,0.10842,0.14341,0.10094
-0.095,0.1169,0.10881,0.10467,0.11282,0.098448
-0.094,0.085686,0.10413,0.11591,0.10408,0.10594
-0.093,0.091928,0.12286,0.13089,0.11064,0.10594
-0.092,0.11939,0.13378,0.14025,0.11719,0.11093
-0.091,0.14936,0.14003,0.13089,0.11719,0.11842
-0.09,0.16184,0.13534,0.11778,0.12375,0.12841
-0.089,0.1531,0.13846,0.12153,0.11064,0.12591
-0.088,0.17433,0.1369,0.15711,0.10845,0.12591
-0.087,0.19555,0.12598,0.15336,0.097527,0.13341
-0.086,0.18182,0.11974,0.1234,0.097527,0.1384
-0.085,0.16309,0.13066,0.10842,0.095342,0.1359
-0.084,0.16434,0.14003,0.12714,0.10627,0.12841
-0.083,0.17807,0.13222,0.144,0.11938,0.1359
-0.082,0.18931,0.14471,0.15898,0.14341,0.15338
-0.081,0.22552,0.15875,0.15711,0.14778,0.14839
-0.08,0.2405,0.16968,0.144,0.13904,0.14839
-0.079,0.238,0.16343,0.14213,0.13467,0.15338
-0.078,0.21553,0.15875,0.15524,0.14996,0.15338
-0.077,0.24299,0.16812,0.17209,0.14996,0.15837
-0.076,0.25173,0.16968,0.18145,0.14341,0.16836
-0.075,0.1943,0.16812,0.17209,0.13248,0.17336
-0.074,0.34287,0.16187,0.17396,0.14778,0.16587
-0.073,0.50018,0.1728,0.17771,0.16963,0.17086
-0.072,0.28919,0.19621,0.17396,0.18274,0.17585
-0.071,-0.037914,0.20869,0.17771,0.18274,0.18334
-0.07,-0.031671,0.20245,0.1852,0.18055,0.20082
-0.069,0.20304,0.20869,0.20205,0.18929,0.2183
-0.068,0.37533,0.22274,0.20767,0.2024,0.2233
-0.067,0.39281,0.23678,0.22078,0.20677,0.2208
-0.066,0.35161,0.24303,0.22265,0.21551,0.21331
-0.065,0.31166,0.24771,0.24138,0.22425,0.23079
-0.064,0.27795,0.26487,0.25636,0.2308,0.23828
-0.063,0.28669,0.29609,0.26385,0.24391,0.23578
-0.062,0.34162,0.28516,0.25449,0.25047,0.24077
-0.061,0.34038,0.25863,0.25824,0.25047,0.23828
-0.06,0.28919,0.25551,0.2676,0.26139,0.24077
-0.059,0.27171,0.24927,0.26947,0.27231,0.24577
-0.058,0.29418,0.25395,0.26573,0.28105,0.26325
-0.057,0.34912,0.28048,0.26385,0.29416,0.27823
-0.056,0.40405,0.29453,0.27322,0.28761,0.3007
-0.055,0.42527,0.29609,0.29569,0.29635,0.28572
-0.054,0.4028,0.29609,0.31629,0.29853,0.26325
-0.053,0.29169,0.30233,0.32753,0.3029,0.26075
-0.052,0.23176,0.31013,0.33127,0.31164,0.27573
-0.051,0.43651,0.31013,0.31442,0.31383,0.29321
-0.05,0.50892,0.31637,0.29569,0.32038,0.31568
-0.049,0.26547,0.32574,0.2882,0.33131,0.31568
-0.048,0.17183,0.32574,0.30505,0.33131,0.33067
-0.047,0.34537,0.3944,0.33876,0.33786,0.35064
-0.046,0.50143,0.51145,0.33876,0.35315,0.35064
-0.045,0.51517,0.56763,0.31816,0.36626,0.35314
-0.044,0.43776,0.51925,0.32378,0.36626,0.35564
-0.043,0.38657,0.42249,0.35562,0.35752,0.35564
-0.042,0.38033,0.36163,0.37996,0.34878,0.36812
-0.041,0.39656,0.33198,0.38371,0.36845,0.3831
-0.04,0.41279,0.33978,0.37622,0.39685,0.3831
-0.039,0.42278,0.35071,0.3706,0.40559,0.38061
-0.038,0.42527,0.36319,0.37622,0.40778,0.40308
-0.037,0.47397,0.37099,0.38745,0.41214,0.41057
-0.036,0.51267,0.37724,0.40431,0.40996,0.41307
-0.035,0.50643,0.38504,0.42304,0.40559,0.42056
-0.034,0.49394,0.37412,0.42491,0.40559,0.42805
-0.033,0.4852,0.37568,0.40805,0.41214,0.42056
-0.032,0.46023,0.40065,0.38933,0.42525,0.42805
-0.031,0.45149,0.42718,0.37809,0.44055,0.43803
-0.03,0.52515,0.41157,0.37622,0.45584,0.44802
-0.029,0.56261,0.39596,0.40993,0.46458,0.45302
-0.028,0.54263,0.41001,0.43989,0.46895,0.44802
-0.027,0.58009,0.44122,0.46611,0.47551,0.4655
-0.026,0.67247,0.44746,0.4736,0.47769,0.48048
-0.025,0.69994,0.4459,0.46798,0.49298,0.47549
-0.024,0.64625,0.45059,0.453,0.50172,0.4655
-0.023,0.57135,0.46463,0.43989,0.50609,0.46051
-0.022,0.59257,0.4896,0.44176,0.5192,0.45801
-0.021,0.67996,0.51613,0.4736,0.52794,0.48048
-0.02,0.73615,0.54578,0.50918,0.5345,0.50296
-0.019,0.6063,0.65971,0.53165,0.53668,0.52543
-0.018,0.47521,0.44434,0.54664,0.54542,0.53042
-0.017,0.58258,-0.10343,0.58784,0.55416,0.54291
-0.016,0.80481,0.11818,0.64214,0.57164,0.57787
-0.015,0.94589,0.74398,0.66462,0.60441,0.60283
-0.014,0.93465,1.0311,0.67585,0.62408,0.61532
-0.013,0.87223,0.90316,0.6796,0.7355,0.62281
-0.012,0.87847,0.72057,0.70207,0.29198,0.64528
-0.011,0.92342,0.67531,0.81069,-0.28482,0.78262
-0.01,0.9796,0.71277,0.61031,0.48643,0.23328
-0.009,1.0221,0.77207,-0.5358,1.3582,-0.47086
-0.008,1.037,0.80328,-0.32231,0.84256,0.12092
-0.007,1.027,0.82513,0.84627,0.24391,1.0773
-0.006,1.0308,0.86415,1.4905,0.47332,1.5017
-0.005,1.0832,0.93437,1.3669,1.0239,1.1846
-0.004,1.1706,0.99992,1.0635,1.2184,0.74267
-0.003,1.2256,1.0327,0.94553,1.0807,0.69522
-0.002,1.2455,1.0608,1.0429,1.0086,0.91995
-0.001,1.2867,1.1076,1.2115,1.0829,1.2221
1.39E-17,1.3629,1.1466,1.3369,1.3101,1.3969
0.001,1.4965,1.1825,1.4025,1.4958,1.3569
0.002,1.64,1.2668,1.438,1.5701,1.1746
0.003,1.8061,1.3916,1.4961,1.6422,1.3694
0.004,2.052,1.5212,1.5991,1.699,1.8214
0.005,2.328,1.6679,1.7171,1.7842,1.9862
0.006,2.5889,1.8426,1.8781,1.9481,1.8588
0.007,2.8336,2.0237,2.0804,2.1273,1.8638
0.008,3.0458,2.1985,2.2621,2.2736,1.9512
0.009,3.1819,2.353,2.4081,2.3829,2.1035
0.01,3.3143,2.5028,2.5617,2.4965,2.4381
0.011,3.504,2.6698,2.7452,2.6385,2.7203
0.012,3.7487,2.8711,2.955,2.8351,2.9025
0.013,3.966,3.0646,3.1684,3.0296,3.0399
0.014,4.1121,3.2706,3.3501,3.2088,3.1922
0.015,4.2331,3.5219,3.4962,3.3857,3.3795
0.016,4.3667,3.7591,3.6235,3.5998,3.5892
0.017,4.5577,3.9245,3.7621,3.8598,3.8239
0.018,4.7962,4.0509,3.9232,4.1351,4.0636
0.019,5.0235,4.2382,4.1722,4.3711,4.3133
0.02,5.2482,4.4816,4.4831,4.5568,4.5256
0.021,5.5253,4.7391,4.882,4.7884,4.7478
0.022,5.8387,4.9779,5.3708,5.197,5.1348
0.023,6.1296,5.2167,5.8333,5.7038,5.7166
0.024,6.433,5.5179,6.133,6.143,6.3334
0.025,6.6502,5.8971,6.3483,6.4554,6.7903
0.026,6.6677,6.2561,6.5731,6.7526,7.05
0.027,6.619,6.5214,6.8671,7.1371,7.2972
0.028,6.9299,6.743,7.236,7.5479,7.6493
0.029,7.8151,6.9537,7.56,7.9259,8.0463
0.03,8.8338,7.2595,7.8091,8.3257,8.4558
0.031,9.5991,7.7808,8.1256,8.7998,8.8029
0.032,10.263,8.3644,8.6368,9.2783,9.1225
0.033,11.207,8.778,9.3503,9.6497,9.4995
0.034,12.753,8.9762,10.174,10.159,10.004
0.035,15.179,9.2868,11.105,11.05,10.895
0.036,18.472,10.211,12.307,12.392,12.214
0.037,22.07,11.904,13.931,14.039,13.794
0.038,24.842,14.036,15.897,15.933,15.535
0.039,25.978,16.389,17.918,17.928,17.522
0.04,24.98,18.686,19.941,19.669,19.472
0.041,22.65,20.729,21.868,20.993,20.923
0.042,21.374,22.557,23.463,22.167,22.017
0.043,22.48,24.175,24.531,23.004,22.751
0.044,25.243,25.364,24.344,22.573,22.514
0.045,26.712,25.72,22.334,21.153,21.008
0.046,23.978,24.682,19.135,19.025,18.856
0.047,17.723,22.112,15.95,16.165,16.486
0.048,13.606,18.981,13.938,13.576,14.256
0.049,13.325,15.986,13.691,11.738,12.546
0.05,14.171,14.307,14.626,11.374,12.066
0.051,14.592,15.191,16.141,13.421,13.402
0.052,16.128,17.958,18.568,18.394,16.781
0.053,20.735,20.309,22.375,25.123,22.319
0.054,26.59,21.469,26.381,31.546,29.231
0.055,30.216,21.096,28.404,34.251,33.953
0.056,30.453,19.835,28.533,32.471,33.531
0.057,29.944,18.482,28.138,29.292,30.077
0.058,31.392,18.846,29.001,29.416,28.489
0.059,33.617,21.087,30.32,33.701,31.52
0.06,34.007,24.024,29.698,37.358,36.609
0.061,31.971,27.262,27.035,35.993,39.209
0.062,28.474,30.154,24.583,29.98,36.45
0.063,24.896,31.543,25.036,23.943,29.7
0.064,22.996,32.838,28.701,23.054,24.561
0.065,22.61,35.974,33.93,26.585,25.255
0.066,21.657,38.717,37.614,30.871,28.826
0.067,18.933,37.542,37.743,33.393,31.243
0.068,15.306,32.679,33.159,33.039,31.738
0.069,12.185,27.023,25.815,28.332,29.276
0.07,10.707,22.947,19.16,21.264,23.67
0.071,10.513,20.27,16.028,15.37,17.472
0.072,9.0336,17.594,15.989,12.888,13.27
0.073,5.5103,14.541,16.678,13.357,11.372
0.074,2.0995,11.838,16.298,15.324,11.922
0.075,0.20554,10.232,13.918,15.951,14.079
0.076,-0.72458,8.9263,10.064,13.274,14.229
0.077,-2.0218,5.8378,4.3857,8.3344,11.06
0.078,-4.3764,0.25083,-2.5415,2.0552,5.7741
0.079,-6.6799,-5.2987,-8.4518,-4.471,-0.36849
0.08,-7.9271,-8.0047,-11.682,-9.5835,-6.1839
0.081,-9.263,-7.3477,-12.527,-12.99,-11.038
0.082,-11.239,-5.4719,-12.508,-15.205,-14.996
0.083,-13.051,-4.9959,-12.287,-16.287,-17.727
0.084,-13.287,-6.4941,-11.589,-16.011,-19.116
0.085,-10.704,-8.2544,-11.216,-14.355,-18.482
0.086,-6.6649,-9.2189,-12.205,-12.747,-15.558
0.087,-3.3039,-10.662,-13.621,-12.406,-12.791
0.088,-0.27013,-12.613,-13.478,-13.064,-12.329
0.089,3.0009,-13.383,-10.744,-13.138,-13.126
0.09,5.8587,-12.04,-6.9349,-10.943,-12.836
0.091,7.3531,-8.9879,-3.4947,-6.1817,-9.7921
0.092,7.1696,-4.9631,-1.0339,-0.18213,-3.9741
0.093,6.1146,-0.46861,0.65338,4.843,2.8501
0.094,4.961,3.3611,2.4849,7.3512,8.3858
0.095,3.6114,5.07,4.4662,7.2442,11.025
0.096,2.338,5.5335,5.4195,5.7257,9.5394
0.097,1.8098,6.6571,5.6498,4.6136,5.422
0.098,1.7949,8.263,6.2191,4.9304,3.0598
0.099,1.7824,8.9497,6.8689,5.9376,3.8814
0.1,1.5514,7.9446,6.3352,5.9267,5.5019
0.101,1.0221,5.7535,3.9063,3.9581,5.1223
0.102,0.10691,3.2425,0.44176,0.52139,2.141
0.103,-1.1266,1.234,-2.3598,-2.8826,-1.9116
0.104,-1.9468,0.10725,-3.5378,-5.1199,-4.7582
0.105,-2.1366,-0.73391,-3.5116,-5.5853,-5.9142
0.106,-2.3901,-1.2832,-2.7325,-5.0827,-5.5921
0.107,-2.9344,-1.1756,-1.9965,-4.3858,-4.7207
0.108,-3.3414,-0.58566,-1.9291,-3.3349,-4.5484
0.109,-3.3464,-0.56069,-1.4722,-1.1435,-4.2762
0.11,-2.9968,-1.1537,-0.017055,1.6772,-2.2212
0.111,-2.4238,-1.458,1.2658,3.0187,0.80759
0.112,-1.9693,-1.5844,0.96613,1.8061,2.6478
0.113,-1.9781,-2.719,-0.42156,-0.55137,2.0885
0.114,-1.8008,-4.5075,-1.8654,-2.1201,-0.14376
0.115,-1.1291,-5.372,-3.8824,-2.8127,-1.994
0.116,-0.81947,-4.7525,-6.0809,-4.0974,-3.0178
0.117,-1.3276,-3.735,-6.257,-5.7906,-4.3986
0.118,-1.9144,-3.2371,-4.0958,-6.0091,-5.8393
0.119,-2.1541,-2.6769,-1.5003,-3.9859,-5.9617
0.12,-2.2552,-1.6796,-0.2268,-1.504,-4.2438
0.121,-2.3501,-0.66056,-0.093837,-0.41373,-1.7268
0.122,-2.4138,-0.40463,0.3912,0.064754,0.50046
0.123,-2.4787,-1.2302,1.4306,0.75298,1.9787
0.124,-2.4063,-2.6004,1.3238,0.88844,1.8538
0.125,-1.8045,-3.4182,-0.42156,-0.0073454,0.468
0.126,-0.55978,-3.4088,-2.6913,-1.2811,-0.9328
0.127,0.95588,-3.0124,-4.3637,-2.2009,-1.8042
0.128,2.1232,-2.6613,-4.8805,-2.8586,-2.4535
0.129,2.8611,-2.1572,-4.3674,-3.0792,-2.4934
0.13,3.2781,-1.1428,-3.137,-2.7515,-1.9441
0.131,3.6539,0.24146,-1.5489,-1.9628,-1.5246
0.132,4.4879,1.5649,0.08969,-0.6191,-1.17
0.133,5.5453,2.5574,1.3594,0.58912,-0.24364
0.134,6.3818,3.1832,2.3969,1.2271,1.0448
0.135,7.0522,3.8777,3.9157,2.0027,2.1584
0.136,7.4081,4.8562,5.8221,3.5627,3.2571
0.137,7.0535,5.7582,7.0413,5.2472,4.4906
0.138,6.2844,6.629,6.9888,5.8284,5.7316
0.139,5.4305,7.9197,6.7154,5.6645,6.4457
0.14,4.1832,9.4147,7.3353,6.4401,6.3683
0.141,2.6363,10.423,8.9795,8.2645,6.5107
0.142,1.3691,10.563,10.905,10.143,7.487
0.143,0.95089,9.769,12.163,11.273,9.0675
0.144,1.1719,7.9462,11.798,11.358,10.468
0.145,1.102,5.6474,9.9402,10.6,10.84
0.146,0.50643,3.9869,7.3353,9.453,10.251
0.147,-0.15277,3.1926,4.7359,7.9652,9.3198
0.148,-0.6247,2.7384,2.8314,6.0927,7.9214
0.149,-1.0005,2.1985,1.9156,4.1111,6.1761
0.15,-1.2327,1.6507,1.6759,3.1519,4.8702
0.151,-1.033,1.4899,1.7358,3.3639,4.598
0.152,-0.49486,1.5555,1.8669,3.3879,4.4557
0.153,-0.11657,1.4228,1.8088,2.5227,3.6616
0.154,-0.56602,0.92813,1.5841,1.3516,2.6379
0.155,-1.6435,0.15719,0.79196,0.41651,1.3994
0.156,-2.3439,-0.78697,-0.1444,-0.38751,0.23578
0.157,-2.5798,-1.9278,-0.76052,-0.78078,-0.38846
0.158,-2.9369,-2.0074,-1.2699,-1.0364,-1.18
0.159,-3.6997,-1.3535,-1.5171,-1.1435,-1.969
0.16,-4.4113,-0.97112,-1.2306,-0.99271,-1.5246
0.161,-4.7409,-1.096,-0.60134,-0.6912,-0.4359
0.162,-4.7771,-1.728,-0.83918,-0.7349,-0.30606
0.163,-4.4451,-2.9749,-2.4516,-1.5346,-1.562
0.164,-3.5149,-4.303,-4.4142,-3.1055,-2.8655
0.165,-2.2302,-5.3127,-5.4948,-4.8009,-3.4972
0.166,-1.209,-5.6982,-5.5828,-5.5721,-3.7519
0.167,-0.9568,-5.5967,-5.0978,-5.0303,-4.0415
0.168,-1.1016,-5.4641,-4.5341,-3.7631,-4.1664
0.169,-1.2639,-5.1785,-4.4292,-3.4004,-3.8717
0.17,-1.1316,-4.3093,-4.7925,-4.3749,-3.7918
0.171,-0.76079,-3.3308,-4.873,-5.3646,-4.4635
0.172,-0.67464,-2.7611,-4.3637,-5.2575,-5.2076
0.173,-0.88439,-2.2789,-3.6108,-4.2809,-5.1876
0.174,-0.82071,-1.6079,-2.9947,-3.4572,-4.2812
0.175,-0.33256,-1.4455,-2.446,-2.8608,-2.9753
0.176,0.26672,-2.4162,-2.3243,-2.6095,-2.1763
0.177,0.53764,-3.7911,-2.7887,-2.8018,-2.4684
0.178,0.39656,-4.2578,-3.3842,-3.0159,-3.3873
0.179,0.055722,-3.4119,-3.4179,-2.8236,-3.9042
0.18,-0.17275,-1.728,-2.4141,-2.1135,-3.5321
0.181,0.10691,0.085404,-0.70435,-1.2505,-2.6732
0.182,0.70493,1.2996,0.71705,-0.83977,-1.8816
0.183,0.89595,1.6039,1.1796,-0.87036,-1.2849
0.184,0.079443,1.5274,0.9474,-0.73053,-0.70807
0.185,-1.4824,1.6616,0.79571,-0.11877,-0.10131
0.186,-3.0268,1.9098,1.1347,0.635,0.28822
0.187,-3.681,2.0955,1.8444,1.2773,0.37811
0.188,-2.9881,2.1126,2.6029,1.9,0.56039
0.189,-1.8395,1.7865,2.7995,2.3698,1.1796
0.19,-1.4462,1.003,2.3051,2.5249,2.0136
0.191,-2.1903,-0.069096,1.601,2.1207,2.4731
0.192,-3.681,-0.82443,1.3575,1.6728,2.2933
0.193,-4.8383,-0.68397,1.7751,2.2234,2.3357
0.194,-4.5974,-0.20955,2.0411,3.0646,3.0998
0.195,-2.9419,-0.83379,0.99609,2.3108,3.3445
0.196,-1.2227,-3.1123,-1.4909,-0.45087,1.8189
0.197,-1.2352,-5.8168,-4.0659,-3.3392,-0.94279
0.198,-3.2028,-7.3368,-6.0791,-4.9538,-3.3374
0.199,-5.4426,-6.9467,-7.0023,-5.7491,-4.8505
0.2,-5.6661,-5.2518,-6.3637,-5.6989,-5.5871
0.201,-2.9619,-3.5196,-4.7513,-4.5955,-4.9504
0.202,0.88222,-2.9266,-3.5528,-4.0668,-3.5671
0.203,2.7637,-3.9956,-3.8898,-5.3253,-3.5446
0.204,1.5764,-5.6966,-5.7139,-7.2742,-5.5547
0.205,-1.0629,-5.7216,-7.7214,-8.1546,-8.0916
0.206,-3.1192,-3.7615,-7.8956,-7.462,-9.4699
0.207,-3.3139,-1.9527,-5.5996,-5.5306,-8.7733
0.208,-1.9231,-1.8856,-3.0172,-3.5621,-6.2888
0.209,0.076947,-3.4509,-2.9067,-3.3567,-3.7843
0.21,2.0471,-5.0739,-4.8168,-4.9254,-3.26
0.211,3.3155,-5.3096,-6.6147,-6.5837,-4.5259
0.212,2.9947,-3.9144,-7.508,-8.1612,-6.3562
0.213,1.5077,-1.4518,-6.6222,-8.915,-8.6085
0.214,0.1581,1.0171,-3.431,-7.2457,-9.9369
0.215,-2.8395,2.559,0.52042,-3.726,-8.5436
0.216,-8.3678,1.5118,1.7789,-1.0932,-4.8655
0.217,-15.24,-2.3569,-2.5902,-3.4965,-2.1463
0.218,-20.061,-8.3013,-10.954,-11.753,-5.9792
0.219,-23.732,-15.594,-20.145,-21.489,-16.676
0.22,-29.016,-20.051,-24.87,-26.669,-26.742
0.221,-35.186,-18.526,-23.022,-25.854,-29.166
0.222,-39.23,-16.766,-19.581,-22.741,-25.873
0.223,-38.42,-22.553,-19.125,-20.326,-22.557
0.224,-33.9,-33.273,-20.518,-19.354,-20.619
0.225,-29.418,-41.346,-23.758,-21.257,-18.012
0.226,-27.677,-41.245,-29.241,-26.881,-16.729
0.227,-28.008,-34.142,-34.073,-32.118,-21.985
0.228,-28.439,-25.172,-32.582,-31.812,-29.428
0.229,-26.268,-20.828,-27.084,-26.929,-31.526
0.23,-18.855,-21.434,-25.387,-24.294,-27.948
0.231,-9.2829,-23.776,-27.245,-24.93,-24.876
0.232,-4.0281,-21.939,-24.741,-22.315,-23.156
0.233,-6.3577,-14.772,-16.269,-14.799,-18.566
0.234,-12.036,-5.2955,-5.948,-6.1708,-11.65
0.235,-16.257,0.9531,2.1459,1.7646,-5.2076
0.236,-16.446,0.85478,4.0505,4.9064,0.27074
0.237,-15.302,-5.8979,-2.9947,-1.3947,2.5455
0.238,-15.377,-14.381,-12.877,-11.561,-2.396
0.239,-12.644,-18.029,-16.92,-15.686,-10.394
0.24,-5.5662,-16.557,-13.227,-10.663,-13.228
0.241,1.8161,-15.031,-7.5042,-3.6582,-9.8994
0.242,6.0447,-15.572,-7.0341,-2.9176,-5.3824
0.243,8.5729,-14.494,-9.1616,-6.7957,-2.6532
0.244,9.4656,-9.9118,-10.536,-9.542,-1.9066
0.245,7.2595,-2.7658,-8.9499,-9.0788,-4.2588
0.246,3.6826,4.3365,-4.1052,-6.7476,-6.5185
0.247,0.52265,10.657,2.1853,-4.0362,-7.1453
0.248,-1.8982,13.121,4.9401,-2.651,-7.2252
0.249,-3.9095,7.3048,1.6441,-4.0821,-8.2539
0.25,-4.7359,-5.0318,-4.5528,-6.9726,-9.6447
0.251,-5.2004,-13.543,-8.7252,-8.1284,-9.44
0.252,-7.1518,-13.545,-10.308,-8.2573,-8.2065
0.253,-8.5501,-10.266,-10.238,-9.3585,-7.7395
0.254,-7.5163,-8.9754,-9.8414,-11.511,-9.5623
0.255,-5.5874,-9.5217,-10.568,-13.134,-12.509
0.256,-5.1854,-9.1986,-12.501,-12.535,-13.465
0.257,-6.3565,-5.8417,-11.931,-10.173,-13.95
0.258,-7.7698,0.055753,-7.3188,-7.2436,-14.109
0.259,-8.3191,3.7825,-1.7606,-3.136,-11.527
0.26,-4.7197,3.7091,3.9737,2.597,-4.6533
0.261,3.554,1.3854,7.1592,6.3855,3.3969
0.262,12.111,-2.0635,7.4289,7.2879,7.8066
0.263,16.004,-2.2602,7.7229,9.5842,10.421
0.264,14.541,1.4244,9.5338,13.277,15.29
0.265,12.486,6.4121,13.362,16.735,19.465
0.266,11.655,11.083,16.626,18.667,21.939
0.267,9.6728,11.704,15.326,17.454,22.104
0.268,6.0459,8.3613,10.671,14,19.862
0.269,3.6951,5.0201,5.485,8.8391,16.376
0.27,3.2206,3.8402,3.5842,5.2144,11.892
0.271,1.8635,4.917,4.5842,5.3193,8.5007
0.272,-0.71834,6.7679,4.3445,5.3739,6.2809
0.273,-0.85692,6.3122,1.4137,1.6619,2.2508
0.274,2.8249,3.1067,-0.41969,-2.2053,-2.9828
0.275,5.1558,-0.62155,-0.13691,-2.6641,-4.7182
0.276,0.52141,-3.351,-0.6388,-2.2097,-3.9691
0.277,-7.8784,-2.2446,-1.4478,-2.1463,-3.6894
0.278,-12.754,2.6307,-0.90098,-1.3925,-3.5921
0.279,-12.252,5.5179,0.13464,-1.268,-2.9404
0.28,-9.826,2.3498,-0.72682,-3.1448,-3.3074
0.281,-8.9658,-4.058,-4.1651,-5.2073,-4.9604
0.282,-10.131,-9.4998,-8.0361,-6.5859,-6.3462
0.283,-12.01,-12.242,-9.8395,-8.1394,-6.8531
0.284,-12.293,-12.549,-9.4406,-9.4633,-8.0217
0.285,-10.172,-12.025,-9.4462,-9.778,-9.2427
0.286,-7.2716,-11.914,-11.559,-10.94,-9.0604
0.287,-6.0743,-12.866,-14.452,-13.365,-9.4699
0.288,-5.8971,-12.59,-15.553,-15.057,-12.346
0.289,-4.8783,-9.7277,-13.252,-13.728,-14.489
0.29,-2.4088,-5.7528,-9.2178,-10.195,-13.163
0.291,-1.2539,-2.9234,-6.3413,-6.6143,-9.1603
0.292,-2.1042,-1.9403,-5.6465,-4.9691,-5.5871
0.293,-2.47,-3.0561,-5.7364,-5.2706,-5.1252
0.294,-1.159,-5.7263,-5.7757,-6.4352,-7.0554
0.295,0.47022,-7.5771,-5.5697,-7.2697,-8.3089
0.296,0.9821,-5.8417,-4.9461,-6.8525,-7.5647
0.297,0.79357,-1.6157,-3.5378,-5.3121,-6.2763
0.298,1.1432,1.3089,-2.3243,-4.069,-5.1377
0.299,1.0982,1.2418,-2.3111,-4.0275,-4.099
0.3,0.20679,0.037025,-2.3224,-3.5949,-3.3299
0.301,-0.77577,0.25083,0.012909,-0.76767,-2.1064
0.302,-2.3214,2.47,4.1722,4.2072,1.3569
0.303,-5.0031,4.7766,7.1031,7.9477,6.221
0.304,-7.6774,5.0357,6.6274,7.5588,8.4858
0.305,-8.409,1.9051,4.0861,4.5634,6.6255
0.306,-7.3902,-2.2758,2.0205,2.302,3.7865
0.307,-6.1904,-4.8165,0.81631,0.59349,1.4818
0.308,-5.9732,-6.079,-0.32044,-0.22365,0.1384
0.309,-6.4751,-6.5487,-1.8392,-0.48583,0.25076
0.31,-6.2454,-6.5986,-4.9311,-1.6547,0.028533
0.311,-4.4251,-7.0184,-6.6072,-3.407,-1.3173
0.312,-1.7646,-8.1405,-6.6671,-4.9451,-3.1776
0.313,0.017019,-8.7726,-6.6109,-5.5088,-5.0178
0.314,0.43776,-7.1386,-5.9611,-4.9232,-5.9342
0.315,-0.080362,-3.6054,-4.1502,-3.7762,-5.3699
0.316,-0.77452,-0.95864,-2.2456,-2.793,-3.9092
0.317,-0.94556,-0.88373,-2.0583,-2.7231,-2.8804
0.318,-0.037914,-2.1634,-3.8674,-4.117,-3.4248
0.319,1.7612,-2.6956,-5.4217,-5.6311,-4.863
0.32,3.0945,-2.126,-5.0715,-5.7207,-5.5372
0.321,3.4116,-0.87281,-3.2381,-4.1979,-4.8006
0.322,3.8049,0.65815,-1.4179,-2.4063,-3.5396
0.323,5.3368,2.3171,0.51293,-0.72834,-2.843
0.324,7.2857,4.207,2.9699,1.4827,-1.9616
0.325,8.5479,5.702,4.8258,3.8729,0.20332
0.326,9.1797,5.816,5.1891,4.8015,2.8401
0.327,10.117,4.8624,4.8932,4.2859,4.1186
0.328,11.988,4.5487,5.1873,4.157,3.6966
0.329,14.877,5.3634,6.0618,5.1795,3.4344
0.33,18.041,6.6681,6.7622,6.2064,4.3733
0.331,21.019,8.3894,7.3915,6.8574,5.8614
0.332,24.977,11.345,8.8615,7.9411,7.6168
0.333,32.217,14.743,10.704,9.3766,9.2548
0.334,40.966,17.53,12.156,10.279,9.7142
0.335,40.966,20.84,13.807,10.762,8.8578
0.336,40.966,27.774,17.036,12.464,8.2086
0.337,40.966,40.105,24.106,17.769,9.6743
0.338,39.569,51.169,35.646,28.068,14.616
0.339,35.853,51.169,47.027,41.374,23.498
0.34,36.172,51.169,52.342,52.703,35.878
0.341,39.56,45.23,52.108,56.485,49.132
0.342,40.958,39.39,47.881,54.573,56.955
0.343,37.203,39.432,44.337,49.279,57.068
0.344,31.492,43.891,45.115,47.322,53.524
0.345,29.381,46.126,49.422,50.029,50.72
0.346,27.924,41.801,51.872,54.385,51.634
0.347,24.682,33.957,47.401,53.953,55.547
0.348,22.008,30.536,36.301,44.23,56.698
0.349,20.007,32.008,29.248,31.492,48.485
0.35,16.059,29.13,31.413,29.252,33.386
0.351,11.262,24.175,31.979,33.841,27.026
0.352,9.1821,20.472,27.055,32.246,32.185
0.353,10.372,17.13,20.634,25.571,35.618
0.354,11.084,11.968,13.957,16.792,30.579
0.355,8.3756,6.807,8.2492,9.3897,20.339
0.356,3.7787,4.569,4.3576,5.5553,9.9066
0.357,1.695,6.4028,3.3164,4.559,4.9975
0.358,4.1145,7.7511,5.4944,5.1227,4.6579
0.359,8.9712,5.3135,6.8746,5.1533,5.4245
0.36,12.436,1.4681,4.528,3.1891,4.9301
0.361,11.426,-0.10655,1.4306,2.1688,2.5355
0.362,7.0198,1.9488,-0.76052,1.8607,1.4293
0.363,3.102,7.9524,-1.0115,-0.90095,2.086
0.364,2.0745,14.376,3.8164,-0.77641,-0.096315
0.365,2.4341,15.916,11.27,5.6951,-2.2063
0.366,2.3767,12.366,15.053,12.429,2.1135
0.367,1.9971,8.1475,13.637,14.282,8.713
0.368,1.9696,5.9611,10.532,12.293,11.882
0.369,-0.10159,4.9482,8.2117,9.9293,11.14
0.37,-6.7972,3.7872,6.7416,8.4371,9.2922
0.371,-18.311,2.7353,5.6367,7.1786,7.9239
0.372,-35.296,2.3686,4.3764,5.2559,7.06
0.373,-40.856,2.0861,2.6684,2.444,5.5618
0.374,-40.856,-2.8922,3.2752,0.74642,2.7852
0.375,-40.856,-21.999,4.9101,3.0646,1.5267
0.376,-40.856,-51.108,-6.9499,0.8797,4.4582
0.377,-29.931,-51.108,-41.631,-24.819,5.5993
0.378,-10.219,-51.108,-61.33,-67.097,-8.4162
0.379,6.3818,-51.108,-61.33,-71.561,-44.518
0.38,13.095,-31.642,-61.33,-71.561,-81.782
0.381,12.523,-3.3417,-47.873,-68.869,-81.782
0.382,15.187,10.673,-14.997,-29.686,-81.782
0.383,23.401,9.8892,7.1649,1.9459,-54.321
0.384,28.85,6.6712,12.571,15.509,-22.187
0.385,23.415,11.759,8.693,14.255,4.995
0.386,11.588,22.497,10.026,11.575,14.701
0.387,2.8648,31.268,19.742,17.238,11.215
0.388,0.58383,30.33,31.647,29.794,12.473
0.389,1.0033,21.789,34.979,38.639,23.273
0.39,2.4453,14.512,27.04,36.347,36.16
0.391,5.7076,9.4194,16.547,26.255,42.255
0.392,8.1883,4.6611,10.654,15.359,36.689
0.393,6.2307,1.9222,7.6574,6.77,23.448
0.394,-1.842,2.6386,3.6404,-0.092555,9.9165
0.395,-12.549,5.6459,0.87436,-3.5184,-1.3872
0.396,-18.291,5.3322,0.72829,-1.4559,-8.2439
0.397,-16.85,-3.3651,-1.1613,0.82945,-6.7283
0.398,-11.975,-16.671,-7.8806,-2.0786,-0.98024
0.399,-8.1818,-24.34,-18.816,-10.554,1.6266
0.4,-6.3253,-23.038,-24.812,-20.689,-1.0901
0.401,-3.9007,-14.917,-20.31,-23.674,-9.7721
0.402,1.8922,-6.1726,-11.289,-16.282,-17.76
0.403,8.5754,-1.8622,-4.3393,-6.2167,-16.574
0.404,12.184,-0.76513,-0.13691,-0.33944,-9.8445
0.405,11.642,0.52549,2.4999,2.3785,-4.8056
0.406,8.8301,2.8742,5.3202,4.784,-2.2612
0.407,4.4554,6.3606,7.9289,7.4954,1.1022
0.408,-1.8957,8.7296,7.6723,8.5616,6.6879
0.409,-8.0757,8.1865,4.8408,4.961,10.688
0.41,-9.007,4.2772,1.9119,-1.6067,9.2998
0.411,-3.1491,-1.5173,-0.88225,-5.1133,3.5567
0.412,4.0309,-4.7103,-4.3281,-5.3952,-1.7119
0.413,6.5728,-2.95,-5.6465,-5.8431,-3.8218
0.414,3.7824,1.5633,-2.9123,-6.0528,-5.3449
0.415,-1.9081,5.1886,1.7845,-4.5431,-7.5223
0.416,-6.1205,5.4071,4.2696,-2.1966,-7.7046
0.417,-5.8433,1.8458,3.2733,-0.20835,-6.2264
0.418,-3.2802,-3.9316,0.30693,2.0442,-3.4572
0.419,-0.31757,-7.8846,-3.4872,3.2284,1.1497
0.42,2.72,-7.5366,-6.7439,0.95399,5.7291
0.421,4.549,-4.4638,-6.7607,-3.4791,5.5443
0.422,4.5116,-0.85564,-4.0359,-6.0375,-0.096315
0.423,3.2106,1.9269,-0.29609,-5.3842,-6.3762
0.424,2.5602,3.6966,2.955,-2.8236,-8.5436
0.425,3.554,4.658,4.2453,-0.0073454,-5.5247
0.426,4.0833,5.0528,4.6779,1.9874,-0.76301
0.427,2.5464,5.7379,5.6648,3.5802,1.4893
0.428,0.32415,6.3918,6.2547,5.5116,0.86502
0.429,-0.037914,6.5744,6.6087,7.703,0.9649
0.43,0.57384,6.1109,7.6892,9.6868,3.6916
0.431,-0.09035,4.6252,8.4308,10.996,7.5544
0.432,-2.6398,2.406,6.8671,10.167,10.381
0.433,-6.57,0.57387,4.2097,7.7554,10.461
0.434,-9.7786,-1.2505,2.086,4.6202,8.4733
0.435,-11.023,-3.7443,0.065345,1.0807,5.8689
0.436,-11.067,-6.5347,-2.6482,-3.3458,2.4006
0.437,-11.186,-8.4854,-5.0697,-7.958,-1.4547
0.438,-10.938,-10.027,-6.903,-10.366,-5.1252
0.439,-9.9946,-11.722,-9.4668,-10.228,-8.0117
0.44,-8.3466,-13.211,-12.538,-10.366,-9.8745
0.441,-6.2491,-13.646,-13.626,-11.458,-11.585
0.442,-4.6036,-12.014,-11.54,-12.865,-12.521
0.443,-4.1979,-9.3359,-8.8413,-13.848,-12.284
0.444,-5.6211,-8.1327,-8.6952,-14.069,-11.502
0.445,-7.8809,-9.6855,-10.675,-13.894,-10.644
0.446,-8.7323,-12.108,-12.65,-14.15,-9.802
0.447,-7.7373,-12.941,-13.709,-14.696,-10.718
0.448,-6.2903,-12.2,-14.725,-15.487,-13.675
0.449,-5.7709,-11.137,-15.171,-16.083,-16.104
0.45,-5.6399,-10.363,-13.924,-14.908,-16.496
0.451,-5.2266,-10.35,-11.886,-11.454,-15.325
0.452,-5.3003,-10.431,-10.057,-7.2938,-13.101
0.453,-6.3577,-8.8912,-8.2908,-4.8293,-9.9269
0.454,-8.5239,-6.2069,-6.6821,-4.8053,-6.5135
0.455,-10.41,-4.9148,-5.4704,-5.5569,-4.8855
0.456,-10.178,-6.3318,-5.8674,-6.2145,-5.0927
0.457,-7.9558,-9.1674,-7.8938,-6.7192,-5.7445
0.458,-5.0343,-10.414,-9.3245,-6.0266,-5.7095
0.459,-2.5449,-8.5947,-8.3619,-4.0602,-4.5309
0.46,-1.7721,-5.4079,-5.5716,-2.0764,-2.7256
0.461,-2.8083,-2.2883,-3.1333,-0.50331,-1.3922
0.462,-3.641,0.64254,-2.1857,-0.4181,-0.65813
0.463,-2.3751,2.3311,-1.8392,-1.185,-0.91781
0.464,0.56261,2.7369,-0.57887,-1.1107,-2.1888
0.465,3.5377,1.6273,1.5298,0.62626,-3.5122
0.466,5.7688,-0.012914,2.5261,1.5898,-3.3149
0.467,6.6427,0.30701,1.7808,-1.0539,-1.9665
0.468,6.1433,2.857,1.101,-5.3012,-1.4547
0.469,5.0347,4.7641,1.262,-6.0353,-2.9204
0.47,4.0721,3.333,0.92867,-2.0589,-4.1838
0.471,3.5752,-0.2907,-0.033909,3.0886,-2.5408
0.472,2.7862,-1.934,-0.56576,6.2588,1.292
0.473,0.47521,-0.47485,-0.015182,5.9726,4.7578
0.474,-1.8083,2.2453,2.2358,3.034,5.3571
0.475,-2.6123,3.8636,4.4962,-0.63221,2.3432
0.476,-3.1354,2.9476,4.116,-4.2372,-1.7968
0.477,-3.9894,-0.21423,0.29194,-6.3019,-3.4897
0.478,-4.2116,-3.6195,-4.6109,-5.24,-3.2974
0.479,-3.4375,-5.3439,-6.7214,-1.4537,-2.9578
0.48,-2.2652,-5.127,-5.0921,2.1775,-2.2787
0.481,-1.7883,-4.1813,-2.461,2.1972,-0.87037
0.482,-2.6148,-2.7861,-2.2662,-1.6307,-0.098812
0.483,-4.2278,-1.4362,-3.8243,-6.2713,-1.582
0.484,-5.9158,-1.2645,-3.5041,-8.8909,-4.7332
0.485,-6.6886,-2.2461,-2.137,-8.3928,-7.5448
0.486,-5.7522,-2.9234,-1.7306,-5.3493,-7.9618
0.487,-3.6548,-3.2371,-2.4216,-1.5651,-5.8993
0.488,-1.6684,-3.5258,-3.0022,1.7099,-3.3374
0.489,-0.3338,-3.2137,-2.1613,4.0674,-0.95277
0.49,0.17183,-1.6453,-0.16125,4.8627,2.2383
0.491,0.37284,0.99211,1.468,3.4862,4.7303
0.492,1.5964,3.1723,2.4774,1.179,4.2584
0.493,3.8024,3.1801,3.0748,0.48206,1.4318
0.494,5.6602,1.5446,2.616,1.5657,-0.43091
0.495,6.3968,0.43966,1.0953,2.1928,0.31818
0.496,5.0809,1.1107,0.11778,1.5286,1.8638
0.497,1.8111,2.8992,0.57285,0.58912,2.3058
0.498,-0.90061,4.079,1.0017,-0.37003,1.1971
0.499,-1.0429,3.2628,0.83316,-1.8295,-0.75551
0.5,0.34038,1.209,0.37622,-3.632,-2.6083
0.501,1.2268,-0.18146,-0.24178,-4.6917,-3.5621
0.502,0.84351,-0.59034,-1.2399,-3.9991,-3.9017
0.503,-0.49236,-1.1116,-2.2306,-2.2621,-3.7219
0.504,-2.5311,-1.6781,-2.3992,-0.63003,-2.7081
0.505,-3.9482,-1.6079,-1.4497,0.53013,-0.86289
0.506,-3.2178,-0.88217,-0.48711,1.4849,1.307
0.507,-1.184,0.28984,0.21891,1.793,2.8276
0.508,-0.37625,1.4228,1.1309,1.1637,3.0574
0.509,-1.3313,1.6772,1.7452,0.40778,2.0261
0.51,-3.013,0.38816,1.1272,0.45803,0.68523
0.511,-4.2977,-1.5298,-0.12005,1.072,0.3057
0.512,-4.4788,-2.4724,-0.54142,1.6204,1.0448
0.513,-3.7534,-2.6659,0.12153,2.0683,1.674
0.514,-3.1042,-3.1372,0.69271,2.3414,2.0211
0.515,-3.1304,-3.8536,0.14587,1.6466,2.4581
0.516,-3.2777,-3.98,-1.0639,-0.28701,1.9437
0.517,-3.0493,-3.2995,-1.8711,-2.2577,-0.20618
0.518,-2.606,-2.6597,-2.3655,-2.9875,-2.406
0.519,-2.1129,-2.3569,-2.8692,-2.8826,-2.6682
0.52,-1.7658,-1.7467,-3.1539,-2.7734,-1.5645
0.521,-1.6297,-0.74796,-3.0359,-2.6357,-0.92281
0.522,-1.6647,-0.34064,-2.564,-1.7858,-1.4522
0.523,-1.4787,-1.1085,-1.9141,-0.0139,-1.9566
0.524,-0.78201,-2.0823,-0.85791,1.7951,-1.22
0.525,0.19056,-2.3148,0.24325,2.6975,0.32567
0.526,0.49893,-1.7982,0.51667,1.9459,1.7714
0.527,-0.10034,-0.91963,-0.21182,0.27231,2.3332
0.528,-0.59973,-0.20331,-0.83356,-0.64532,1.4518
0.529,-0.24641,0.012056,-0.88412,-0.14718,-0.0014308
0.53,0.4003,-0.15337,-0.4534,1.3036,-0.6032
0.531,0.91468,-0.30943,0.23764,2.4878,0.29321
0.532,1.8673,-0.37341,0.64589,2.0661,1.7864
0.533,2.8636,-0.21579,0.53914,0.26139,1.9162
0.534,3.2793,0.19777,0.34625,-1.3641,0.29321
0.535,2.8099,0.42718,0.24887,-1.7967,-1.4921
0.536,1.6063,0.094768,0.082199,-1.1304,-1.6669
0.537,0.70618,-0.30163,-0.018928,0.18711,-0.51331
0.538,1.0558,0.37256,0.1646,1.4652,0.91995
0.539,2.1981,2.4731,1.1422,2.1425,2.2408
0.54,3.2044,4.6408,2.6853,2.5009,3.4519
0.541,3.2856,5.4133,3.5093,3.1498,3.8164
0.542,2.469,4.7422,2.9943,3.7266,3.7315
0.543,1.1956,3.8449,1.8856,3.6545,3.6267
0.544,0.1119,3.3596,1.3144,2.6101,3.2371
0.545,-0.31882,3.0349,1.4512,1.2686,2.4081
0.546,-0.18024,2.6963,1.9437,0.90592,1.6416
0.547,0.14811,2.3608,2.4943,1.4019,1.0997
0.548,0.22302,2.1704,2.9119,1.6444,0.65277
0.549,-0.30134,1.8395,3.1179,1.0086,0.57787
0.55,-1.8345,0.81421,2.9212,0.090973,0.58036
0.551,-3.3039,-0.5482,2.0804,-0.23894,0.21081
0.552,-2.7921,-1.405,0.52229,0.375,0.026036
0.553,-0.46989,-1.8685,-1.0714,1.3123,0.56788
0.554,1.2455,-2.0027,-1.5808,1.6815,1.4094
0.555,1.3005,-1.572,-0.84854,1.1331,1.724
0.556,0.55886,-0.9087,-0.060127,-0.20835,1.1547
0.557,-0.21645,-0.26105,-0.050764,-1.7793,-0.28609
0.558,-1.224,0.55983,-0.74742,-2.8782,-2.1114
0.559,-2.0692,1.1513,-1.5396,-3.1273,-3.4073
0.56,-2.4487,0.92345,-2.1651,-2.7734,-3.677
0.561,-2.7371,-0.45925,-2.3018,-2.485,-3.1126
0.562,-3.1778,-2.396,-2.2194,-2.6095,-2.4684
0.563,-3.6635,-3.3323,-2.0396,-2.8302,-2.2162
0.564,-4.2128,-2.4755,-1.5115,-2.4631,-2.376
0.565,-4.7522,-1.071,-0.92907,-1.4362,-2.5983
0.566,-5.0381,-0.27666,-0.81109,-0.34818,-2.1588
0.567,-4.8009,-0.20331,-1.4122,0.14559,-0.83791
0.568,-4.1529,-0.79478,-2.0958,0.040721,0.37561
0.569,-2.9356,-1.7265,-1.9254,-0.31978,0.76014
0.57,-1.8957,-2.8126,-1.1575,-0.88129,0.39059
0.571,-2.1478,-3.8192,-0.63318,-1.4603,-0.32604
0.572,-3.4975,-4.1095,-0.63131,-1.7967,-0.77799
0.573,-4.4813,-3.4478,-1.3542,-1.7028,-0.8479
0.574,-3.852,-2.1712,-2.4497,-1.3423,-0.81544
0.575,-2.3514,-1.1038,-3.0153,-0.71086,-1.1051
0.576,-1.5411,-1.263,-2.7082,-0.22146,-1.552
0.577,-1.7146,-2.694,-1.8898,-0.066336,-1.6769
0.578,-2.2989,-4.0018,-0.84106,-0.08163,-1.145
0.579,-2.6797,-3.7069,0.35374,-0.30011,-0.36099
0.58,-2.6023,-1.9684,0.9474,-0.75019,0.11093
0.581,-2.3126,-0.4811,0.42116,-1.3619,-0.12378
0.582,-2.1591,-0.05349,-0.39909,-1.9912,-0.97025
0.583,-1.8994,-0.66213,-0.73431,-1.8863,-1.562
0.584,-1.6235,-2.332,-1.2156,-0.56448,-0.86039
0.585,-1.6784,-4.083,-2.1201,1.0567,0.91995
0.586,-1.7608,-5.0334,-2.7962,1.5898,2.4855
0.587,-1.4175,-5.3455,-2.7643,0.85786,2.7003
0.588,-0.70835,-5.1426,-2.3505,-0.61473,1.8214
0.589,0.0082799,-4.406,-2.1932,-2.2228,0.26075
0.59,0.51891,-3.3682,-2.8224,-3.6407,-1.4097
0.591,0.93965,-2.6332,-4.3711,-4.8162,-2.6183
0.592,1.2468,-2.5848,-5.4948,-5.4039,-3.3848
0.593,0.95338,-2.8657,-5.0528,-4.8206,-4.039
0.594,-0.037914,-2.797,-3.4086,-3.3349,-4.2712
0.595,-1.2427,-2.2742,-1.9497,-2.2708,-3.657
0.596,-2.0342,-1.65,-1.8392,-2.3648,-2.803
0.597,-2.224,-1.1147,-2.8936,-3.2453,-2.4609
0.598,-1.5323,-0.57785,-3.961,-4.176,-2.5084
0.599,-0.18648,-0.35625,-4.079,-4.6829,-2.6083
0.6,0.94589,-0.95396,-3.2868,-4.3049,-3.0128
0.601,1.4665,-1.8544,-2.2887,-3.2824,-3.607
0.602,1.6513,-1.6812,-1.843,-2.3866,-3.8867
0.603,1.3479,-0.45925,-1.5527,-1.8164,-3.9566
0.604,0.56136,0.84074,-0.7624,-1.3401,-3.9117
0.605,-0.069126,1.8348,0.17771,-0.98397,-3.0602
0.606,-0.21645,2.431,0.59345,-0.59288,-1.4771
0.607,0.31666,2.392,0.37809,0.097527,0.043515
0.608,1.2805,1.9456,0.50544,1.0173,1.0323
0.609,1.9334,1.7974,1.7508,1.7908,1.4443
0.61,2.1132,1.9534,3.2902,2.1819,1.4693
0.611,1.7437,1.7334,3.8389,2.3173,1.1572
0.612,0.82229,1.2184,2.7939,2.1185,0.82257
0.613,-0.18524,1.0561,0.86687,1.8214,0.93743
0.614,-0.81447,1.1685,-0.52831,1.581,1.4268
0.615,-0.92434,1.0296,-0.57138,1.4565,1.699
0.616,-0.53606,0.40377,0.61967,1.5155,1.4543
0.617,0.30042,-0.556,2.056,1.5679,1.0048
0.618,1.1781,-1.0507,2.6329,1.3014,0.82007
0.619,1.9497,-0.43584,2.1647,0.57382,0.81258
0.62,2.6963,0.94218,1.1684,-0.29575,0.90747
0.621,3.0671,2.0533,0.29194,-0.6475,0.90247
0.622,2.6863,2.5028,-0.22305,-0.31759,0.43803
0.623,1.8286,2.5949,-0.36725,0.47114,-0.356
0.624,1.3104,2.7135,-0.0039458,1.3975,-0.91282
0.625,1.6151,3.1426,0.99983,2.2212,-0.38596
0.626,2.5577,3.6155,2.3744,2.5751,1.2421
0.627,3.3118,3.7029,3.4231,2.3698,2.7902
0.628,3.0746,3.2503,3.7696,1.7383,3.0798
0.629,1.881,2.5028,3.6235,1.3189,2.553
0.63,0.39032,1.9613,3.2471,1.7318,1.9462
0.631,-0.67589,1.5773,2.5373,2.5839,1.7514
0.632,-1.0667,1.1856,1.9193,3.0361,1.9837
0.633,-0.93932,0.62537,1.6778,2.8155,2.2658
0.634,-0.67839,-0.1799,1.2452,2.1556,2.3507
0.635,-0.43368,-0.98205,0.43053,1.391,2.1859
0.636,-0.2589,-1.5173,-0.17811,0.80104,1.7315
0.637,-0.15028,-1.7795,-0.41782,0.48424,1.5816
0.638,-0.15527,-1.8295,-0.61633,0.29853,1.9612
0.639,-0.23018,-1.7655,-0.95529,-0.048858,2.1759
0.64,-0.18399,-1.6172,-1.2418,-0.76112,1.4193
0.641,-0.0054534,-1.5501,-1.3785,-1.7771,0.018545
0.642,0.10441,-1.586,-1.4628,-2.4456,-1.2449
0.643,-0.2127,-1.302,-1.3261,-2.3997,-1.969
0.644,-0.88813,-0.42023,-1.1557,-2.1419,-2.0739
0.645,-1.4899,0.48648,-1.0096,-2.2271,-1.9216
0.646,-1.9518,0.72369,-0.97027,-2.426,-2.1563
0.647,-2.3314,0.34446,-1.1238,-2.415,-2.8155
0.648,-2.5424,-0.31879,-1.2643,-2.1376,-3.3598
0.649,-2.5761,-0.93211,-1.4441,-1.7836,-3.4422
0.65,-2.4874,-1.1365,-1.637,-1.6285,-3.2725
0.651,-2.5162,-1.149,-1.6014,-1.3335,-3.4148
0.652,-2.7097,-1.3176,-1.4591,-1.1347,-3.6345
0.653,-2.7634,-1.6656,-1.3223,-1.8579,-3.1751
0.654,-2.5149,-1.8326,-1.2531,-3.0202,-2.1463
0.655,-2.1628,-1.65,-1.2306,-3.4397,-1.2799
0.656,-1.8182,-1.561,-1.1407,-2.9918,-1.1725
0.657,-1.4574,-1.8763,-0.93282,-2.1594,-1.7393
0.658,-1.1578,-2.3913,-0.886,-1.4384,-2.3236
0.659,-0.94931,-2.6769,-1.2905,-1.1762,-2.2088
0.66,-0.55603,-2.4584,-1.7905,-1.41,-1.8067
0.661,0.26172,-1.753,-1.9403,-1.244,-1.8117
0.662,1.1094,-1.0929,-1.9403,-0.50986,-1.9441
0.663,1.6276,-0.82755,-2.0153,0.049461,-1.6844
0.664,1.9022,-0.5997,-1.9272,0.21114,-1.1101
0.665,1.9996,-0.073778,-1.4572,0.27668,-0.46087
0.666,1.6538,0.63942,-0.69685,0.28979,0.2183
0.667,0.86599,0.93593,-0.23804,0.16963,0.7976
0.668,0.25049,0.78299,-0.15564,-0.075076,0.93743
0.669,0.3179,0.47556,0.067218,-0.24986,0.72519
0.67,0.90219,0.083843,0.51105,-0.14499,0.7951
0.671,1.5314,-0.037884,0.99235,-0.033564,1.1272
0.672,1.9272,0.25707,1.4306,0.049461,1.0548
0.673,0.9821,0.59416,1.6366,0.54105,0.60783
0.674,0.22926,0.83605,1.6441,1.3757,0.48797
0.675,1.0245,0.94218,1.6103,1.9219,0.91495
0.676,2.0745,1.0264,1.4362,1.8257,1.3469
0.677,2.2443,1.0811,1.0991,1.3953,1.4893
0.678,1.2905,1.0233,0.75638,1.2468,1.302
0.679,1.0083,0.93905,0.65713,1.3582,1.2296
0.68,1.6376,0.95154,0.97361,1.2686,0.51544
0.681,2.0845,1.1451,1.5523,0.97802,0.6353
0.682,1.8598,1.5914,1.9343,1.1353,2.126
0.683,1.69,1.9269,1.7639,1.782,3.2696
0.684,1.7412,1.7958,1.1665,2.3064,3.1048
0.685,1.871,1.3557,0.47547,1.1878,2.2908
0.686,1.8436,1.1014,-0.018928,0.38593,1.7639
0.687,1.5452,1.014,-0.0208,1.6182,0.40807
0.688,1.057,0.87507,0.38184,2.6603,-0.60819
0.689,0.74364,0.91565,-0.18185,2.2343,0.53542
0.69,0.85101,1.3885,-0.17062,1.2489,2.0835
0.691,1.1382,1.9878,0.45487,-0.39625,2.2009
0.692,1.2755,2.2375,1.2864,-1.2658,0.70521
0.693,1.2193,2.1095,1.7695,-0.44431,-1.2499
0.694,1.1819,1.8442,1.6441,0.76828,-0.95028
0.695,1.2293,1.5508,1.4081,0.71584,0.6328
0.696,1.5964,1.1622,1.5991,0.1303,1.5766
0.697,2.1719,-0.27041,0.93991,0.099712,1.7589
0.698,2.5277,-0.78853,-0.062001,0.55853,1.6915
0.699,2.6376,0.1291,-0.15002,1.0654,1.5067
0.7,2.5277,1.0499,-0.030164,1.3407,1.2071
0.701,2.1856,1.2496,0.082199,1.3647,0.99236
0.702,1.8361,1.2559,0.3706,1.273,1.0748
0.703,1.7924,1.1014,0.968,1.1157,1.2196
0.704,2.1057,1.0779,1.6029,0.81852,1.257
0.705,2.6176,1.2044,1.8519,0.67214,1.2595
0.706,3.1183,1.5929,1.7302,0.79886,1.2945
0.707,3.2007,1.9332,1.5354,1.1266,1.287
0.708,2.6089,1.9644,1.4268,1.5788,1.3294
0.709,1.8698,1.9644,1.513,1.8607,1.3669
0.71,1.5939,2.1704,1.8145,1.7886,1.0947
0.711,1.7749,2.3124,2.1197,1.7383,0.73767
0.712,2.0258,2.342,2.1647,2.0005,1.0173
0.713,2.1619,2.3717,2.2021,2.2736,1.8039
0.714,2.2443,2.3811,2.3688,2.3829,2.3657
0.715,2.3692,2.2624,2.3875,2.4353,2.4456
0.716,2.4878,1.9144,2.1778,2.2693,2.3807
0.717,2.4815,1.4619,1.88,1.7449,2.3682
0.718,2.4928,1.2246,1.7002,1.1375,2.111
0.719,2.6526,1.2465,1.5017,0.8513,1.6341
0.72,2.9172,1.415,1.3013,0.97583,1.2545
0.721,3.0121,1.6335,1.3894,1.321,1.1347
0.722,2.926,1.8208,1.6609,1.6641,1.302
0.723,2.9659,2.0049,1.6815,1.7165,1.5692
0.724,3.1457,2.1969,1.3294,1.3778,1.5617
0.725,3.1644,2.3795,0.88373,0.99768,1.0148
0.726,3.0034,2.4388,0.74327,0.89937,0.24827
0.727,2.9123,2.3967,1.1497,1.0873,-0.13127
0.728,2.9584,2.4045,1.9193,1.3757,0.18584
0.729,2.9897,2.3951,2.6928,1.7012,0.86502
0.73,2.9272,2.4216,3.219,2.0573,1.4368
0.731,2.8361,2.6261,3.3819,2.2409,1.724
0.732,2.7674,2.7416,3.1928,2.1928,1.7664
0.733,2.73,2.5246,2.7677,2.0355,1.7764
0.734,2.5901,2.2109,2.41,1.8716,1.8663
0.735,2.283,2.044,2.2471,1.9328,1.9287
0.736,2.0508,2.0252,2.0692,2.1819,2.131
0.737,2.0258,2.0034,1.9231,2.4047,2.4381
0.738,2.1419,1.9987,2.1029,2.6713,2.4456
0.739,2.2493,2.1376,2.4493,3.0514,2.3782
0.74,2.3729,2.1641,2.6141,3.3551,2.6204
0.741,2.5502,1.9722,2.6441,3.5714,2.9899
0.742,2.6838,1.8021,2.7377,3.7178,3.307
0.743,2.6551,1.8895,2.837,3.7003,3.6317
0.744,2.5901,2.1969,2.7845,3.4447,4.0312
0.745,2.6838,2.6307,2.5598,3.0755,4.1835
0.746,2.6563,3.0786,2.4025,2.7696,3.7141
0.747,2.2568,3.3174,2.4437,2.7019,3.0124
0.748,1.7274,3.3674,2.6403,2.8592,2.6653
0.749,1.4827,3.3112,2.9269,2.8745,2.7652
0.75,1.3616,3.1614,3.1347,2.6276,2.9949
0.751,0.99209,2.818,3.1497,2.3457,3.0998
0.752,0.43401,2.2031,3.058,2.1535,3.0199
0.753,-0.067877,1.6601,2.852,2.1556,2.8801
0.754,-0.54979,1.5493,2.4793,2.3938,2.8351
0.755,-0.97553,1.6335,2.1478,2.7324,2.7377
0.756,-1.2027,1.3838,1.9062,2.798,2.4681
0.757,-1.2414,0.78143,1.5429,2.4681,2.131
0.758,-1.3576,0.22742,1.1983,2.0289,1.7589
0.759,-1.7808,-0.037884,1.0504,1.6466,1.5492
0.76,-2.3201,-0.31723,0.85751,1.1987,1.7215
0.761,-2.3788,-0.70114,0.35187,0.54542,2.0461
0.762,-1.9593,-0.99453,-0.093837,-0.0051606,2.0461
0.763,-1.7109,-1.0039,-0.13504,-0.16902,1.6041
0.764,-1.8869,-0.8572,-0.022673,-0.086,0.97239
0.765,-2.0854,-1.0117,-0.21182,-0.17558,0.39559
0.766,-1.9868,-1.5782,-0.82795,-0.68902,0.013551
0.767,-1.847,-2.1962,-1.5003,-1.3751,-0.38347
0.768,-1.8732,-2.2477,-1.843,-1.7246,-0.95527
0.769,-1.9219,-1.7233,-1.8692,-1.6176,-1.5096
0.77,-1.8083,-1.2567,-1.7231,-1.4056,-1.7318
0.771,-1.7259,-1.2317,-1.5489,-1.3947,-1.6369
0.772,-1.802,-1.4752,-1.4909,-1.4275,-1.6994
0.773,-1.7995,-1.625,-1.6576,-1.1937,-2.0215
0.774,-1.6946,-1.5969,-1.8336,-0.85725,-2.1713
0.775,-1.6759,-1.6625,-1.6894,-0.48801,-1.9516
0.776,-1.8158,-1.7545,-1.1969,-0.27171,-1.6494
0.777,-1.7783,-1.4019,-0.8448,-0.57104,-1.2999
0.778,-1.5336,-0.70738,-0.87476,-1.1238,-1.0227
0.779,-1.4737,-0.28758,-1.092,-1.3904,-1.1625
0.78,-1.7134,-0.4889,-1.3261,-1.4974,-1.6419
0.781,-1.8432,-1.0055,-1.416,-1.6329,-1.8542
0.782,-1.6597,-1.2926,-1.3467,-1.8492,-1.5171
0.783,-1.4562,-1.1194,-1.2624,-2.0895,-1.0352
0.784,-1.4649,-0.72611,-1.416,-2.2271,-0.92531
0.785,-1.4749,-0.5045,-1.74,-2.2293,-1.2849
0.786,-1.3363,-0.84628,-1.9385,-2.1725,-1.7218
0.787,-1.3064,-1.5642,-1.7793,-2.0698,-1.9516
0.788,-1.5898,-2.0245,-1.4759,-2.0698,-1.7968
0.789,-1.9431,-2.1135,-1.3935,-2.2665,-1.4746
0.79,-2.0567,-2.0948,-1.5527,-2.4828,-1.3972
0.791,-1.9331,-2.0277,-1.7624,-2.4041,-1.6394
0.792,-1.7221,-1.7795,-1.901,-1.9737,-1.9241
0.793,-1.4312,-1.5579,-1.9197,-1.587,-2.1413
0.794,-1.3126,-1.5423,-1.7924,-1.4668,-2.1963
0.795,-1.4974,-1.6,-1.592,-1.4319,-2.1014
0.796,-1.5985,-1.5626,-1.2961,-1.3488,-1.8142
0.797,-1.3888,-1.5673,-0.95342,-1.3183,-1.4247
0.798,-1.1566,-1.5642,-0.92907,-1.4384,-1.15
0.799,-1.0192,-1.3909,-1.4197,-1.6482,-1.2524
0.8,-0.95555,-1.1709,-2.0565,-1.764,-1.6619
0.801,-0.9568,-1.1553,-2.2194,-1.8077,-2.1114
0.802,-0.99925,-1.3425,-1.8842,-1.9016,-2.4859
0.803,-1.0642,-1.5485,-1.4871,-1.9453,-2.5159
0.804,-1.1703,-1.7374,-1.2512,-1.9672,-2.1338
0.805,-1.1653,-1.6921,-1.2737,-2.0458,-1.612
0.806,-0.97303,-1.2957,-1.4984,-2.131,-1.2449
0.807,-0.69087,-0.83223,-1.6931,-2.0436,-1.205
0.808,-0.57102,-0.60594,-1.5976,-1.7793,-1.5146
0.809,-0.65966,-0.68085,-1.3429,-1.5083,-1.9516
0.81,-0.63469,-0.98673,-1.2774,-1.434,-2.2787
0.811,-0.43493,-1.3504,-1.4253,-1.6088,-2.3111
0.812,-0.28387,-1.3956,-1.4834,-1.7902,-2.1613
0.813,-0.26639,-1.0273,-1.3767,-1.7356,-2.024
0.814,-0.2926,-0.6075,-1.2474,-1.4515,-1.9366
0.815,-0.34254,-0.68085,-1.1351,-1.1107,-1.8042
0.816,-0.3413,-1.135,-1.1014,-0.83759,-1.6919
0.817,-0.25265,-1.4112,-1.21,-0.66935,-1.6245
0.818,-0.17025,-1.2957,-1.3373,-0.63877,-1.5096
0.819,-0.26014,-1.0179,-1.2793,-0.64969,-1.2999
0.82,-0.47239,-0.68553,-1.0396,-0.65406,-1.0951
0.821,-0.63094,-0.41243,-0.82607,-0.69339,-0.96526
0.822,-0.65966,-0.34064,-0.76615,-0.77423,-0.9303
0.823,-0.60597,-0.47173,-0.73805,-0.80919,-0.95277
0.824,-0.52108,-0.60126,-0.55827,-0.70868,-0.81294
0.825,-0.41246,-0.58253,-0.28673,-0.61473,-0.54827
0.826,-0.35628,-0.47953,-0.165,-0.63658,-0.4409
0.827,-0.37376,-0.29694,-0.23055,-0.64095,-0.55576
0.828,-0.41621,-0.05505,-0.27736,-0.31322,-0.62817
0.829,-0.50734,0.11974,-0.18185,0.086603,-0.36099
0.83,-0.58101,0.066677,-0.035782,0.25484,0.016048
0.831,-0.61721,-0.20331,0.072836,0.35971,0.15588
0.832,-0.6684,-0.52947,0.11778,0.44055,0.14839
0.833,-0.83569,-0.62155,0.06909,0.42088,0.23079
0.834,-0.9518,-0.48266,-0.065746,0.38156,0.43054
0.835,-0.9955,-0.2985,-0.054509,0.52357,0.43554
0.836,-1.0554,-0.15961,0.076581,0.63063,0.21581
0.837,-1.0667,-0.15649,0.13089,0.49735,0.090957
0.838,-0.96679,-0.30475,0.012909,0.31383,0.25576
0.839,-0.93433,-0.47797,-0.26613,0.20021,0.48298
0.84,-0.96429,-0.51543,-0.60322,0.040721,0.56788
0.841,-0.98676,-0.453,-0.83918,-0.25642,0.60283
0.842,-1.008,-0.39682,-0.94218,-0.49457,0.6328
0.843,-1.0517,-0.59034,-1.0396,-0.5907,0.4705
0.844,-1.1191,-1.0726,-1.1201,-0.58196,0.13341
0.845,-1.189,-1.3207,-1.1501,-0.50331,-0.12878
0.846,-1.1753,-1.1693,-1.0583,-0.50549,-0.17872
0.847,-1.0417,-1.0195,-0.95155,-0.70431,-0.11879
0.848,-0.80698,-0.77917,-0.75491,-0.9949,-0.078837
0.849,-0.55728,-0.51543,-0.56764,-1.2767,-0.18371
0.85,-0.47239,-0.52791,-0.77551,-1.4188,-0.46337
0.851,-0.56727,-0.51387,-1.1894,-1.2593,-0.86289
0.852,-0.89687,-0.32191,-1.2868,-0.87254,-1.2999
0.853,-1.3313,-0.48734,-0.76052,-0.50549,-1.4871
0.854,-1.5673,-0.77137,-0.21744,-0.31322,-1.3073
0.855,-1.3051,-0.73235,-0.43655,-0.34818,-1.0302
0.856,-0.78326,-0.84003,-0.73993,-0.547,-0.86289
0.857,-0.51983,-1.0679,-0.72307,-0.79171,-0.88785
0.858,-0.58725,-0.93991,-0.53393,-0.99053,-0.95777
0.859,-0.64343,-0.73703,-0.45153,-1.1107,-0.95527
0.86,-0.81197,-1.0882,-0.5564,-1.0779,-1.0202
0.861,-1.0442,-1.1818,-0.59385,-0.92061,-1.1925
0.862,-1.2115,-0.77449,-0.51333,-0.82011,-1.2449
0.863,-1.2527,-0.53103,-0.48711,-0.82447,-1.0851
0.864,-1.1316,-0.89934,-0.75678,-0.85725,-0.88286
0.865,-0.80948,-1.1756,-1.0508,-0.83103,-0.89035
0.866,-0.53981,-0.88373,-0.99462,-0.73053,-1.0626
0.867,-0.49611,-0.35937,-0.68749,-0.61692,-1.1226
0.868,-0.55229,-0.10655,-0.42905,-0.57322,-1.0002
0.869,-0.45491,-0.1877,-0.35415,-0.5907,-0.87287
0.87,-0.39248,-0.32816,-0.43842,-0.61036,-0.74553
0.871,-0.42994,-0.40463,-0.58262,-0.66717,-0.54327
0.872,-0.30883,-0.38122,-0.71933,-0.70868,-0.37348
0.873,-0.38,-0.33752,-0.66689,-0.70868,-0.38347
0.874,-0.63843,-0.45613,-0.68936,-0.70213,-0.49583
0.875,-0.70086,-0.59502,-0.99087,-0.66717,-0.56325
0.876,-0.52607,-0.84784,-0.98713,-0.56885,-0.6057
0.877,-0.37875,-0.94772,-0.76802,-0.42902,-0.64315
0.878,-0.29635,-0.84159,-0.85229,-0.42028,-0.69309
0.879,-0.2564,-0.74016,-1.0096,-0.58414,-0.71556
0.88,-0.4187,-0.7464,-0.98151,-0.7633,-0.71806
